facility_id,location,cleanliness_score,odor_score,waste_level,water_availability,footfall,complaints,inspection_date
F001,Nagpur,8,2,Low,Yes,120,3,2026-01-05
F002,Pune,6,5,Medium,Yes,250,8,2026-01-08
F003,Mumbai,9,1,Low,Yes,310,2,2026-01-10
F004,Nashik,5,7,High,No,180,12,2026-01-12
F005,Aurangabad,7,4,Medium,Yes,95,5,2026-01-15
F006,Nagpur,8,3,Low,Yes,145,4,2026-01-18
F007,Pune,4,8,High,No,275,15,2026-01-20
F008,Mumbai,9,2,Low,Yes,340,1,2026-01-22
F009,Nashik,6,6,Medium,Yes,160,9,2026-01-25
F010,Aurangabad,7,3,Low,Yes,110,4,2026-01-28
F011,Nagpur,8,2,Low,Yes,130,3,2026-02-01
F012,Pune,5,7,High,No,290,14,2026-02-04
F013,Mumbai,10,1,Low,Yes,380,1,2026-02-07
F014,Nashik,6,5,Medium,Yes,175,7,2026-02-10
F015,Aurangabad,7,4,Medium,Yes,105,5,2026-02-13
F016,Nagpur,3,9,High,No,150,18,2026-02-16
F017,Pune,8,3,Low,Yes,260,4,2026-02-19
F018,Mumbai,9,2,Low,Yes,360,2,2026-02-22
F019,Nashik,5,7,High,No,190,13,2026-02-25
F020,Aurangabad,7,4,Medium,Yes,100,6,2026-02-28